{"cameraMode":{"drawMode":0,"name":"Shaded","section":"Shading Mode"},"sceneLighting":false,"audioPlay":false,"sceneViewState":{"showFog":true,"showMaterialUpdate":false,"showSkybox":true,"showFlares":true,"showImageEffects":true,"showParticleSystems":true},"in2DMode":false,"pivot":{"x":7.998723983764648,"y":-0.016387939453125,"z":74.03649139404297},"rotation":{"x":0.1464652419090271,"y":0.00890287198126316,"z":-0.0013182575348764659,"w":0.9891753196716309},"size":33.763916015625,"orthographic":false}