{"cameraMode":{"drawMode":0,"name":"Shaded","section":"Shading Mode"},"sceneLighting":false,"audioPlay":false,"sceneViewState":{"showFog":true,"showMaterialUpdate":false,"showSkybox":true,"showFlares":true,"showImageEffects":true,"showParticleSystems":true},"in2DMode":false,"pivot":{"x":48.510032653808597,"y":139.18310546875,"z":61.78997039794922},"rotation":{"x":0.1464652419090271,"y":0.00890287198126316,"z":-0.0013182575348764659,"w":0.9891753196716309},"size":1.626220941543579,"orthographic":false}